Workbook

Sheet Resumen
A1: Fichero | B1: Nº nodos | C1: Greedy | D1: Greedy aleatorio (media) | E1: Búsqueda local (media) | F1: Búsqueda local (mejor) | G1: Búsqueda local (peor) | H1: Mejora BL media vs Greedy | I1: T. Greedy (s) | J1: T. Greedy aleat. medio (s) | K1: T. BL medio (s)
A2: a280 | B2: =INDEX(Greedy!$B$2:$B$6,MATCH(A2,Greedy!$A$2:$A$6,0)) -> 280 | C2: =INDEX(Greedy!$C$2:$C$6,MATCH(A2,Greedy!$A$2:$A$6,0)) -> 30296.82 | D2: =AVERAGEIFS(Greedy_aleatorio!$E$2:$E$16,Greedy_aleatorio!$A$2:$A$16,A2) -> 29991.773 | E2: =AVERAGEIFS(Busqueda_local!$E$2:$E$16,Busqueda_local!$A$2:$A$16,A2) -> 6773.6424 | F2: =_xlfn.MINIFS(Busqueda_local!$E$2:$E$16,Busqueda_local!$A$2:$A$16,A2) -> 6092.5986 | G2: =_xlfn.MAXIFS(Busqueda_local!$E$2:$E$16,Busqueda_local!$A$2:$A$16,A2) -> 7380.249 | H2: =1-E2/C2 -> 0.77642398 | I2: =INDEX(Greedy!$D$2:$D$6,MATCH(A2,Greedy!$A$2:$A$6,0)) -> 0.004384 | J2: =AVERAGEIFS(Greedy_aleatorio!$F$2:$F$16,Greedy_aleatorio!$A$2:$A$16,A2) -> 0.0067693333 | K2: =AVERAGEIFS(Busqueda_local!$F$2:$F$16,Busqueda_local!$A$2:$A$16,A2) -> 0.63956333
A3: pr144 | B3: =INDEX(Greedy!$B$2:$B$6,MATCH(A3,Greedy!$A$2:$A$6,0)) -> 144 | C3: =INDEX(Greedy!$C$2:$C$6,MATCH(A3,Greedy!$A$2:$A$6,0)) -> 640770.88 | D3: =AVERAGEIFS(Greedy_aleatorio!$E$2:$E$16,Greedy_aleatorio!$A$2:$A$16,A3) -> 661541.85 | E3: =AVERAGEIFS(Busqueda_local!$E$2:$E$16,Busqueda_local!$A$2:$A$16,A3) -> 216600.56 | F3: =_xlfn.MINIFS(Busqueda_local!$E$2:$E$16,Busqueda_local!$A$2:$A$16,A3) -> 204411.5 | G3: =_xlfn.MAXIFS(Busqueda_local!$E$2:$E$16,Busqueda_local!$A$2:$A$16,A3) -> 222961.34 | H3: =1-E3/C3 -> 0.66196878 | I3: =INDEX(Greedy!$D$2:$D$6,MATCH(A3,Greedy!$A$2:$A$6,0)) -> 0.001409 | J3: =AVERAGEIFS(Greedy_aleatorio!$F$2:$F$16,Greedy_aleatorio!$A$2:$A$16,A3) -> 0.001856 | K3: =AVERAGEIFS(Busqueda_local!$F$2:$F$16,Busqueda_local!$A$2:$A$16,A3) -> 0.12113433
A4: ch130 | B4: =INDEX(Greedy!$B$2:$B$6,MATCH(A4,Greedy!$A$2:$A$6,0)) -> 130 | C4: =INDEX(Greedy!$C$2:$C$6,MATCH(A4,Greedy!$A$2:$A$6,0)) -> 40397.488 | D4: =AVERAGEIFS(Greedy_aleatorio!$E$2:$E$16,Greedy_aleatorio!$A$2:$A$16,A4) -> 41713.158 | E4: =AVERAGEIFS(Busqueda_local!$E$2:$E$16,Busqueda_local!$A$2:$A$16,A4) -> 12941.22 | F4: =_xlfn.MINIFS(Busqueda_local!$E$2:$E$16,Busqueda_local!$A$2:$A$16,A4) -> 12099.932 | G4: =_xlfn.MAXIFS(Busqueda_local!$E$2:$E$16,Busqueda_local!$A$2:$A$16,A4) -> 14014.524 | H4: =1-E4/C4 -> 0.67965285 | I4: =INDEX(Greedy!$D$2:$D$6,MATCH(A4,Greedy!$A$2:$A$6,0)) -> 0.001186 | J4: =AVERAGEIFS(Greedy_aleatorio!$F$2:$F$16,Greedy_aleatorio!$A$2:$A$16,A4) -> 0.0014916667 | K4: =AVERAGEIFS(Busqueda_local!$F$2:$F$16,Busqueda_local!$A$2:$A$16,A4) -> 0.10779767
A5: u1060 | B5: =INDEX(Greedy!$B$2:$B$6,MATCH(A5,Greedy!$A$2:$A$6,0)) -> 1060 | C5: =INDEX(Greedy!$C$2:$C$6,MATCH(A5,Greedy!$A$2:$A$6,0)) -> 5670062 | D5: =AVERAGEIFS(Greedy_aleatorio!$E$2:$E$16,Greedy_aleatorio!$A$2:$A$16,A5) -> 5547958.5 | E5: =AVERAGEIFS(Busqueda_local!$E$2:$E$16,Busqueda_local!$A$2:$A$16,A5) -> 750260.75 | F5: =_xlfn.MINIFS(Busqueda_local!$E$2:$E$16,Busqueda_local!$A$2:$A$16,A5) -> 669469.44 | G5: =_xlfn.MAXIFS(Busqueda_local!$E$2:$E$16,Busqueda_local!$A$2:$A$16,A5) -> 813683.69 | H5: =1-E5/C5 -> 0.86768033 | I5: =INDEX(Greedy!$D$2:$D$6,MATCH(A5,Greedy!$A$2:$A$6,0)) -> 0.058674 | J5: =AVERAGEIFS(Greedy_aleatorio!$F$2:$F$16,Greedy_aleatorio!$A$2:$A$16,A5) -> 0.089433 | K5: =AVERAGEIFS(Busqueda_local!$F$2:$F$16,Busqueda_local!$A$2:$A$16,A5) -> 12.938845
A6: d18512 | B6: =INDEX(Greedy!$B$2:$B$6,MATCH(A6,Greedy!$A$2:$A$6,0)) -> 18512 | C6: =INDEX(Greedy!$C$2:$C$6,MATCH(A6,Greedy!$A$2:$A$6,0)) -> 51328340 | D6: =AVERAGEIFS(Greedy_aleatorio!$E$2:$E$16,Greedy_aleatorio!$A$2:$A$16,A6) -> 51409268 | E6: =AVERAGEIFS(Busqueda_local!$E$2:$E$16,Busqueda_local!$A$2:$A$16,A6) -> 50484617 | F6: =_xlfn.MINIFS(Busqueda_local!$E$2:$E$16,Busqueda_local!$A$2:$A$16,A6) -> 49904440 | G6: =_xlfn.MAXIFS(Busqueda_local!$E$2:$E$16,Busqueda_local!$A$2:$A$16,A6) -> 50855556 | H6: =1-E6/C6 -> 0.016437755 | I6: =INDEX(Greedy!$D$2:$D$6,MATCH(A6,Greedy!$A$2:$A$6,0)) -> 17.442012 | J6: =AVERAGEIFS(Greedy_aleatorio!$F$2:$F$16,Greedy_aleatorio!$A$2:$A$16,A6) -> 28.291527 | K6: =AVERAGEIFS(Busqueda_local!$F$2:$F$16,Busqueda_local!$A$2:$A$16,A6) -> 113.69896
A8: Nota: los datos proceden de la salida de main.py; las medias, mínimos y máximos se calculan con fórmulas sobre las hojas de detalle.

Sheet Comparativa
A1: Fichero | B1: Nº nodos | C1: Distancia total | F1: Mejor en distancia | G1: Coste relativo (Greedy = 100 %) | J1: Tiempo de ejecución (s) | M1: Tiempo BL / Greedy (x)
C2: Greedy | D2: Greedy aleatorio | E2: Búsqueda local | G2: Greedy | H2: Greedy aleatorio | I2: Búsqueda local | J2: Greedy | K2: Greedy aleatorio | L2: Búsqueda local
A3: =Resumen!A2 -> a280 | B3: =Resumen!B2 -> 280 | C3: =Resumen!C2 -> 30296.82 | D3: =Resumen!D2 -> 29991.773 | E3: =Resumen!E2 -> 6773.6424 | F3: =INDEX($C$2:$E$2,MATCH(MIN(C3:E3),C3:E3,0)) -> Búsqueda local | G3: =C3/$C3 -> 1 | H3: =D3/$C3 -> 0.98993139 | I3: =E3/$C3 -> 0.22357602 | J3: =Resumen!I2 -> 0.004384 | K3: =Resumen!J2 -> 0.0067693333 | L3: =Resumen!K2 -> 0.63956333 | M3: =L3/J3 -> 145.8858
A4: =Resumen!A3 -> pr144 | B4: =Resumen!B3 -> 144 | C4: =Resumen!C3 -> 640770.88 | D4: =Resumen!D3 -> 661541.85 | E4: =Resumen!E3 -> 216600.56 | F4: =INDEX($C$2:$E$2,MATCH(MIN(C4:E4),C4:E4,0)) -> Búsqueda local | G4: =C4/$C4 -> 1 | H4: =D4/$C4 -> 1.0324156 | I4: =E4/$C4 -> 0.33803122 | J4: =Resumen!I3 -> 0.001409 | K4: =Resumen!J3 -> 0.001856 | L4: =Resumen!K3 -> 0.12113433 | M4: =L4/J4 -> 85.971848
A5: =Resumen!A4 -> ch130 | B5: =Resumen!B4 -> 130 | C5: =Resumen!C4 -> 40397.488 | D5: =Resumen!D4 -> 41713.158 | E5: =Resumen!E4 -> 12941.22 | F5: =INDEX($C$2:$E$2,MATCH(MIN(C5:E5),C5:E5,0)) -> Búsqueda local | G5: =C5/$C5 -> 1 | H5: =D5/$C5 -> 1.0325681 | I5: =E5/$C5 -> 0.32034715 | J5: =Resumen!I4 -> 0.001186 | K5: =Resumen!J4 -> 0.0014916667 | L5: =Resumen!K4 -> 0.10779767 | M5: =L5/J5 -> 90.891793
A6: =Resumen!A5 -> u1060 | B6: =Resumen!B5 -> 1060 | C6: =Resumen!C5 -> 5670062 | D6: =Resumen!D5 -> 5547958.5 | E6: =Resumen!E5 -> 750260.75 | F6: =INDEX($C$2:$E$2,MATCH(MIN(C6:E6),C6:E6,0)) -> Búsqueda local | G6: =C6/$C6 -> 1 | H6: =D6/$C6 -> 0.97846523 | I6: =E6/$C6 -> 0.13231967 | J6: =Resumen!I5 -> 0.058674 | K6: =Resumen!J5 -> 0.089433 | L6: =Resumen!K5 -> 12.938845 | M6: =L6/J6 -> 220.52093
A7: =Resumen!A6 -> d18512 | B7: =Resumen!B6 -> 18512 | C7: =Resumen!C6 -> 51328340 | D7: =Resumen!D6 -> 51409268 | E7: =Resumen!E6 -> 50484617 | F7: =INDEX($C$2:$E$2,MATCH(MIN(C7:E7),C7:E7,0)) -> Búsqueda local | G7: =C7/$C7 -> 1 | H7: =D7/$C7 -> 1.0015767 | I7: =E7/$C7 -> 0.98356225 | J7: =Resumen!I6 -> 17.442012 | K7: =Resumen!J6 -> 28.291527 | L7: =Resumen!K6 -> 113.69896 | M7: =L7/J7 -> 6.5186836
A8: En verde: mejor valor de cada fila (menor distancia / menor tiempo). Greedy aleatorio y Búsqueda local usan la media de sus 3 ejecuciones (hoja Resumen).

Sheet Busqueda_local
A1: Fichero | B1: Nº nodos | C1: Ejecución | D1: Semilla | E1: Distancia total | F1: Tiempo (s)
A2: a280 | B2: 280 | C2: 0 | D2: 6587431 | E2: 6092.5986 | F2: 0.704243
A3: a280 | B3: 280 | C3: 1 | D3: 5874316 | E3: 7380.249 | F3: 0.617057
A4: a280 | B4: 280 | C4: 2 | D4: 8743165 | E4: 6848.0796 | F4: 0.59739
A5: pr144 | B5: 144 | C5: 0 | D5: 7431658 | E5: 222961.34 | F5: 0.113445
A6: pr144 | B6: 144 | C6: 1 | D6: 4316587 | E6: 204411.5 | F6: 0.116553
A7: pr144 | B7: 144 | C7: 2 | D7: 3165874 | E7: 222428.84 | F7: 0.133405
A8: d18512 | B8: 18512 | C8: 0 | D8: 1658743 | E8: 49904440 | F8: 110.22041
A9: d18512 | B9: 18512 | C9: 1 | D9: 6587431 | E9: 50855556 | F9: 121.23941
A10: d18512 | B10: 18512 | C10: 2 | D10: 5874316 | E10: 50693856 | F10: 109.63705
A11: ch130 | B11: 130 | C11: 0 | D11: 8743165 | E11: 14014.524 | F11: 0.100746
A12: ch130 | B12: 130 | C12: 1 | D12: 7431658 | E12: 12709.205 | F12: 0.107692
A13: ch130 | B13: 130 | C13: 2 | D13: 4316587 | E13: 12099.932 | F13: 0.114955
... A16: u1060 | B16: 1060 | C16: 2 | D16: 6587431 | E16: 813683.69 | F16: 11.904053

Sheet Greedy
A1: Fichero | B1: Nº nodos | C1: Distancia total | D1: Tiempo (s)
A2: a280 | B2: 280 | C2: 30296.82 | D2: 0.004384
A3: pr144 | B3: 144 | C3: 640770.88 | D3: 0.001409
A4: d18512 | B4: 18512 | C4: 51328340 | D4: 17.442012
A5: ch130 | B5: 130 | C5: 40397.488 | D5: 0.001186
A6: u1060 | B6: 1060 | C6: 5670062 | D6: 0.058674

Sheet Greedy_aleatorio
A1: Fichero | B1: Nº nodos | C1: Ejecución | D1: Semilla | E1: Distancia total | F1: Tiempo (s)
A2: a280 | B2: 280 | C2: 0 | D2: 5874316 | E2: 29454.84 | F2: 0.007014
A3: a280 | B3: 280 | C3: 1 | D3: 8743165 | E3: 30282.705 | F3: 0.006325
A4: a280 | B4: 280 | C4: 2 | D4: 7431658 | E4: 30237.775 | F4: 0.006969
A5: pr144 | B5: 144 | C5: 0 | D5: 4316587 | E5: 651173.38 | F5: 0.001806
A6: pr144 | B6: 144 | C6: 1 | D6: 3165874 | E6: 688277.44 | F6: 0.001928
A7: pr144 | B7: 144 | C7: 2 | D7: 1658743 | E7: 645174.75 | F7: 0.001834
A8: d18512 | B8: 18512 | C8: 0 | D8: 6587431 | E8: 51749504 | F8: 28.940462
A9: d18512 | B9: 18512 | C9: 1 | D9: 5874316 | E9: 51530760 | F9: 28.032229
A10: d18512 | B10: 18512 | C10: 2 | D10: 8743165 | E10: 50947540 | F10: 27.901889
A11: ch130 | B11: 130 | C11: 0 | D11: 7431658 | E11: 40164.555 | F11: 0.001521
A12: ch130 | B12: 130 | C12: 1 | D12: 4316587 | E12: 44011.387 | F12: 0.001472
A13: ch130 | B13: 130 | C13: 2 | D13: 3165874 | E13: 40963.531 | F13: 0.001482
... A16: u1060 | B16: 1060 | C16: 2 | D16: 5874316 | E16: 5726073 | F16: 0.098065
